"Variable / Field Name","Form Name","Section Header","Field Type","Field Label","Choices, Calculations, OR Slider Labels","Field Note","Text Validation Type OR Show Slider Number","Text Validation Min","Text Validation Max",Identifier?,"Branching Logic (Show field only if...)","Required Field?","Custom Alignment","Question Number (surveys only)","Matrix Group Name","Matrix Ranking?","Field Annotation"
fesi_instructions,falls_efficacy_scale_international_fesi,,descriptive,"<div class=""rich-text-field-label""><p><span style=""font-weight: normal;"">Now we would like to ask some questions about how concerned you are about the possibility of falling. Please reply thinking about how you usually do the activity. If you currently don't do the activity (e.g. if someone does your shopping for you), please answer to show whether you think you would be concerned about falling IF you did the activity. For each of the following activities, please tick the box which is closest to your own opinion to show how concerned you are that you might fall if you did this activity.</span></p></div>",,,,,,,,,,,,,
fesi_1,falls_efficacy_scale_international_fesi,"Participants are instructed to score their concern of falling during an activity",radio,"1. Cleaning the house ( e.g., sweep, vacuum or dust)","1, Not at all concerned <br/> 1 | 2, Somewhat concerned <br/> 2 | 3, Fairly concerned <br/> 3 | 4, Very concerned <br/> 4",,,,,,,y,,,fesi,,
fesi_2,falls_efficacy_scale_international_fesi,,radio,"2. Getting dressed or undressed","1, Not at all concerned <br/> 1 | 2, Somewhat concerned <br/> 2 | 3, Fairly concerned <br/> 3 | 4, Very concerned <br/> 4",,,,,,,y,,,fesi,,
fesi_3,falls_efficacy_scale_international_fesi,,radio,"3. Preparing simple meals","1, Not at all concerned <br/> 1 | 2, Somewhat concerned <br/> 2 | 3, Fairly concerned <br/> 3 | 4, Very concerned <br/> 4",,,,,,,y,,,fesi,,
fesi_4,falls_efficacy_scale_international_fesi,,radio,"4. Taking a bath or shower","1, Not at all concerned <br/> 1 | 2, Somewhat concerned <br/> 2 | 3, Fairly concerned <br/> 3 | 4, Very concerned <br/> 4",,,,,,,y,,,fesi,,
fesi_5,falls_efficacy_scale_international_fesi,,radio,"5. Going to the shop","1, Not at all concerned <br/> 1 | 2, Somewhat concerned <br/> 2 | 3, Fairly concerned <br/> 3 | 4, Very concerned <br/> 4",,,,,,,y,,,fesi,,
fesi_6,falls_efficacy_scale_international_fesi,,radio,"6. Getting in or out of a chair","1, Not at all concerned <br/> 1 | 2, Somewhat concerned <br/> 2 | 3, Fairly concerned <br/> 3 | 4, Very concerned <br/> 4",,,,,,,y,,,fesi,,
fesi_7,falls_efficacy_scale_international_fesi,,radio,"7. Going up or down stairs","1, Not at all concerned <br/> 1 | 2, Somewhat concerned <br/> 2 | 3, Fairly concerned <br/> 3 | 4, Very concerned <br/> 4",,,,,,,y,,,fesi,,
fesi_8,falls_efficacy_scale_international_fesi,,radio,"8. Walking around in the neighbourhood","1, Not at all concerned <br/> 1 | 2, Somewhat concerned <br/> 2 | 3, Fairly concerned <br/> 3 | 4, Very concerned <br/> 4",,,,,,,y,,,fesi,,
fesi_9,falls_efficacy_scale_international_fesi,,radio,"9. Reaching for something above your head or on the ground","1, Not at all concerned <br/> 1 | 2, Somewhat concerned <br/> 2 | 3, Fairly concerned <br/> 3 | 4, Very concerned <br/> 4",,,,,,,y,,,fesi,,
fesi_10,falls_efficacy_scale_international_fesi,,radio,"10. Going to answer the telephone before it stops ringing","1, Not at all concerned <br/> 1 | 2, Somewhat concerned <br/> 2 | 3, Fairly concerned <br/> 3 | 4, Very concerned <br/> 4",,,,,,,y,,,fesi,,
fesi_11,falls_efficacy_scale_international_fesi,,radio,"11. Walking on a slippery surface (e.g. wet or icy)","1, Not at all concerned <br/> 1 | 2, Somewhat concerned <br/> 2 | 3, Fairly concerned <br/> 3 | 4, Very concerned <br/> 4",,,,,,,y,,,fesi,,
fesi_12,falls_efficacy_scale_international_fesi,,radio,"12. Visiting a friend or relative","1, Not at all concerned <br/> 1 | 2, Somewhat concerned <br/> 2 | 3, Fairly concerned <br/> 3 | 4, Very concerned <br/> 4",,,,,,,y,,,fesi,,
fesi_13,falls_efficacy_scale_international_fesi,,radio,"13. Walking in a place with crowds","1, Not at all concerned <br/> 1 | 2, Somewhat concerned <br/> 2 | 3, Fairly concerned <br/> 3 | 4, Very concerned <br/> 4",,,,,,,y,,,fesi,,
fesi_14,falls_efficacy_scale_international_fesi,,radio,"14. Walking on an uneven surface (e.g. rocky ground, poorly maintained pavement)","1, Not at all concerned <br/> 1 | 2, Somewhat concerned <br/> 2 | 3, Fairly concerned <br/> 3 | 4, Very concerned <br/> 4",,,,,,,y,,,fesi,,
fesi_15,falls_efficacy_scale_international_fesi,,radio,"15. Walking up or down a slope","1, Not at all concerned <br/> 1 | 2, Somewhat concerned <br/> 2 | 3, Fairly concerned <br/> 3 | 4, Very concerned <br/> 4",,,,,,,y,,,fesi,,
fesi_16,falls_efficacy_scale_international_fesi,,radio,"16. Going out to a social event (e.g. religious service, family gathering or club meeting)","1, Not at all concerned <br/> 1 | 2, Somewhat concerned <br/> 2 | 3, Fairly concerned <br/> 3 | 4, Very concerned <br/> 4",,,,,,,y,,,fesi,,
total_fes_i_score,falls_efficacy_scale_international_fesi,,calc,"Total FES-I score","[fesi_1] + [fesi_2] + [fesi_3] + [fesi_4] + [fesi_5] + [fesi_6] + [fesi_7] + [fesi_8] + [fesi_9] + [fesi_10] + [fesi_11] + [fesi_12] + [fesi_13] + [fesi_14] + [fesi_15] + [fesi_16]","out of 64",,,,,,,,,,," @READONLY"
fesi_cite,falls_efficacy_scale_international_fesi,,descriptive,"<div class=""rich-text-field-label""><p><code>Yardley L, Beyer N, Hauer K, Kempen G, Piot-Ziegler C, Todd C. Development and initial validation of the Falls Efficacy Scale International (FES-I). Age and Ageing 2005; 34: 614-619. doi:10.1093/ageing/afi196</code></p></div>",,,,,,,,,,,,,
